Data File Name,2100 expert_mRNA Nano_DE13804677_2022-10-19_15-49-14.xad
Data File Path,F:\BPC\PAb_ME1_020
Date Created,"Wednesday, October 19, 2022 1:49:13 PM"
Date Last Modified,"Wednesday, October 19, 2022 2:19:41 PM"
Version Created,B.02.10.SI764
Version Last Modified,B.02.10.SI764
 
Assay Name,mRNA Nano Series II
Assay Path,C:\Program Files (x86)\Agilent\2100 bioanalyzer\2100 expert\assays\RNA
Assay Title,mRNA Nano
Assay Version,2.5
 
Number of Samples Run,12
 
Sample Name,Sample 3
Number of Events,1420
 
Time,Value
14,1.915726E-02
14.05,-2.406411E-03
14.1,-2.205461E-02
14.15,-2.279792E-02
14.2,-1.117688E-02
14.25,1.500677E-02
14.3,2.544248E-02
14.35,8.945473E-03
14.4,-4.65171E-03
14.45,-2.032542E-02
14.5,-2.093478E-02
14.55,-0.0288658
14.6,-5.724607E-03
14.65,-1.926177E-03
14.7,-5.471077E-03
14.75,-1.250097E-02
14.8,-1.600483E-02
14.85,-2.568273E-02
14.9,-3.415168E-02
14.95,-2.333215E-02
15,-2.156679E-03
15.05,2.728666E-02
15.1,3.716126E-02
15.15,4.648821E-02
15.2,0.0430694
15.25,3.227546E-02
15.3,1.746799E-02
15.35,2.122574E-02
15.4,3.762731E-02
15.45,4.815327E-02
15.5,5.610103E-02
15.55,6.119164E-02
15.6,6.299902E-02
15.65,6.082902E-02
15.7,7.565301E-02
15.75,7.733567E-02
15.8,5.830132E-02
15.85,2.694575E-02
15.9,0.0102608
15.95,1.650884E-02
16,3.612527E-02
16.05,5.875779E-02
16.1,0.0768428
16.15,7.305169E-02
16.2,5.174491E-02
16.25,3.500856E-02
16.3,0.0329114
16.35,4.590802E-02
16.4,5.343385E-02
16.45,5.583832E-02
16.5,4.788729E-02
16.55,2.645827E-02
16.6,1.639589E-02
16.65,1.831607E-02
16.7,3.047089E-02
16.75,4.640686E-02
16.8,6.186132E-02
16.85,8.123817E-02
16.9,9.401946E-02
16.95,0.0886614
17,5.494439E-02
17.05,4.204614E-02
17.1,2.735434E-02
17.15,2.564128E-02
17.2,5.305102E-02
17.25,7.263979E-02
17.3,8.112344E-02
17.35,5.638732E-02
17.4,4.433833E-02
17.45,5.254881E-02
17.5,4.455751E-02
17.55,5.559514E-02
17.6,7.070927E-02
17.65,6.800554E-02
17.7,4.598325E-02
17.75,5.025151E-02
17.8,8.971068E-02
17.85,9.263046E-02
17.9,0.1001363
17.95,8.453799E-02
18,0.0510098
18.05,1.482499E-02
18.1,1.085908E-02
18.15,3.892728E-02
18.2,6.056905E-02
18.25,6.029305E-02
18.3,0.0542772
18.35,3.510933E-02
18.4,3.289879E-02
18.45,2.904189E-02
18.5,3.175167E-02
18.55,4.384166E-02
18.6,0.0546482
18.65,0.0638991
18.7,6.160671E-02
18.75,0.1250748
18.8,0.4780386
18.85,1.255595
18.9,2.367552
18.95,3.412626
19,3.982853
19.05,3.763583
19.1,2.944342
19.15,1.903373
19.2,1.015959
19.25,0.4519745
19.3,0.1780077
19.35,6.632935E-02
19.4,3.397579E-02
19.45,4.150792E-02
19.5,7.583523E-02
19.55,9.984319E-02
19.6,0.1295033
19.65,0.1588455
19.7,0.1519043
19.75,0.1379418
19.8,0.1570233
19.85,0.1686451
19.9,0.1858613
19.95,0.1945221
20,0.215792
20.05,0.2110111
20.1,0.1847578
20.15,0.1888004
20.2,0.2078902
20.25,0.2164751
20.3,0.2574023
20.35,0.2954964
20.4,0.3405802
20.45,0.3496351
20.5,0.3384183
20.55,0.3386239
20.6,0.3638418
20.65,0.4082145
20.7,0.4509965
20.75,0.4895002
20.8,0.5088745
20.85,0.4922769
20.9,0.4797642
20.95,0.4698924
21,0.4541554
21.05,0.4451779
21.1,0.4439702
21.15,0.4698219
21.2,0.4915067
21.25,0.515671
21.3,0.5653223
21.35,0.5615479
21.4,0.5662616
21.45,0.5670961
21.5,0.5537715
21.55,0.5499645
21.6,0.5475348
21.65,0.5382643
21.7,0.5279334
21.75,0.5159669
21.8,0.5175402
21.85,0.5044814
21.9,0.4949153
21.95,0.4882632
22,0.4918074
22.05,0.5143504
22.1,0.5027487
22.15,0.4620418
22.2,0.4512455
22.25,0.4306908
22.3,0.4118742
22.35,0.4239755
22.4,0.4253865
22.45,0.4113022
22.5,0.4219114
22.55,0.4476556
22.6,0.4616828
22.65,0.4707912
22.7,0.490254
22.75,0.4753558
22.8,0.4383295
22.85,0.4138477
22.9,0.3933787
22.95,0.3892824
23,0.4191942
23.05,0.4513099
23.1,0.4468906
23.15,0.4252711
23.2,0.4230502
23.25,0.395772
23.3,0.3788738
23.35,0.384715
23.4,0.3868215
23.45,0.3886135
23.5,0.3964619
23.55,0.4261697
23.6,0.4535391
23.65,0.4656069
23.7,0.4924518
23.75,0.5069104
23.8,0.5202464
23.85,0.5483871
23.9,0.5847319
23.95,0.6149864
24,0.6103203
24.05,0.6238316
24.1,0.6170611
24.15,0.5728145
24.2,0.5790254
24.25,0.6073864
24.3,0.6435591
24.35,0.665749
24.4,0.6534703
24.45,0.6472405
24.5,0.5876651
24.55,0.5472056
24.6,0.5118284
24.65,0.5035465
24.7,0.5222378
24.75,0.5261316
24.8,0.5152484
24.85,0.4828412
24.9,0.4307856
24.95,0.3826859
25,0.3652353
25.05,0.3756635
25.1,0.3689415
25.15,0.3785716
25.2,0.3917124
25.25,0.3953382
25.3,0.3957815
25.35,0.391148
25.4,0.3777162
25.45,0.3638588
25.5,0.3548689
25.55,0.3605768
25.6,0.359263
25.65,0.3784113
25.7,0.3858843
25.75,0.3989443
25.8,0.4099695
25.85,0.393768
25.9,0.369422
25.95,0.3478597
26,0.3712928
26.05,0.408442
26.1,0.4261449
26.15,0.4436514
26.2,0.42979
26.25,0.4075854
26.3,0.3831505
26.35,0.3989318
26.4,0.4368932
26.45,0.4508047
26.5,0.472324
26.55,0.5342452
26.6,0.6260695
26.65,0.8108999
26.7,1.140903
26.75,1.576093
26.8,1.984619
26.85,2.25331
26.9,2.310375
26.95,2.173417
27,1.929817
27.05,1.701713
27.1,1.546924
27.15,1.4316
27.2,1.333587
27.25,1.203962
27.3,1.081093
27.35,0.9698417
27.4,0.8585487
27.45,0.7901866
27.5,0.770122
27.55,0.767178
27.6,0.7844272
27.65,0.8036607
27.7,0.8140896
27.75,0.8024412
27.8,0.7871753
27.85,0.7850973
27.9,0.7582263
27.95,0.7097469
28,0.6589077
28.05,0.6132429
28.1,0.5811247
28.15,0.5525105
28.2,0.5484695
28.25,0.5568163
28.3,0.5587984
28.35,0.5521379
28.4,0.5552939
28.45,0.5622342
28.5,0.5376597
28.55,0.5226969
28.6,0.5145805
28.65,0.4992297
28.7,0.511209
28.75,0.5340598
28.8,0.5481044
28.85,0.5438076
28.9,0.5159971
28.95,0.5007542
29,0.4944074
29.05,0.4998703
29.1,0.5099
29.15,0.5136911
29.2,0.5267935
29.25,0.5476449
29.3,0.6104242
29.35,0.6563541
29.4,0.6839601
29.45,0.7259904
29.5,0.7596682
29.55,0.8047888
29.6,0.8578013
29.65,0.9264933
29.7,0.9871717
29.75,1.04666
29.8,1.1682
29.85,1.34127
29.9,1.54058
29.95,1.721885
30,1.82722
30.05,1.875234
30.1,1.925542
30.15,2.013399
30.2,2.114585
30.25,2.236362
30.3,2.325645
30.35,2.356666
30.4,2.331892
30.45,2.330652
30.5,2.361954
30.55,2.417426
30.6,2.492021
30.65,2.610891
30.7,2.66215
30.75,2.714932
30.8,2.713516
30.85,2.700729
30.9,2.637784
30.95,2.575433
31,2.504028
31.05,2.412851
31.1,2.33226
31.15,2.250857
31.2,2.141487
31.25,1.999335
31.3,1.848059
31.35,1.660539
31.4,1.463863
31.45,1.295692
31.5,1.154375
31.55,1.02307
31.6,0.928295
31.65,0.8519129
31.7,0.7893118
31.75,0.7449447
31.8,0.7095618
31.85,0.6846489
31.9,0.6756178
31.95,0.6660475
32,0.6564614
32.05,0.6443342
32.1,0.6609944
32.15,0.6791046
32.2,0.690681
32.25,0.7021405
32.3,0.6988902
32.35,0.6896929
32.4,0.6801445
32.45,0.6925318
32.5,0.7210154
32.55,0.7421795
32.6,0.8070784
32.65,0.8903024
32.7,0.9605011
32.75,1.046717
32.8,1.138155
32.85,1.201041
32.9,1.222109
32.95,1.213776
33,1.220647
33.05,1.200602
33.1,1.195667
33.15,1.224499
33.2,1.265113
33.25,1.285904
33.3,1.289296
33.35,1.301961
33.4,1.314892
33.45,1.312191
33.5,1.314315
33.55,1.313836
33.6,1.289884
33.65,1.230627
33.7,1.171498
33.75,1.125486
33.8,1.041209
33.85,0.9703894
33.9,0.9318476
33.95,0.8964381
34,0.8596517
34.05,0.8399057
34.1,0.8377888
34.15,0.8357058
34.2,0.8474404
34.25,0.8533337
34.3,0.8271202
34.35,0.7828611
34.4,0.7432075
34.45,0.7281844
34.5,0.7337167
34.55,0.7471557
34.6,0.7449307
34.65,0.7314491
34.7,0.7180039
34.75,0.6831064
34.8,0.6590744
34.85,0.6563216
34.9,0.6396388
34.95,0.6654693
35,0.6644763
35.05,0.6593704
35.1,0.6513124
35.15,0.6339937
35.2,0.637715
35.25,0.6216202
35.3,0.6056099
35.35,0.5999174
35.4,0.5904315
35.45,0.6036983
35.5,0.6227943
35.55,0.6246119
35.6,0.5869818
35.65,0.5601309
35.7,0.5578046
35.75,0.5609953
35.8,0.5793478
35.85,0.61037
35.9,0.6418135
35.95,0.6621383
36,0.7029415
36.05,0.7414315
36.1,0.7546327
36.15,0.7789945
36.2,0.7876145
36.25,0.8030965
36.3,0.8380418
36.35,0.8748454
36.4,0.9002415
36.45,0.9150338
36.5,0.9222938
36.55,0.9152035
36.6,0.929968
36.65,0.9429338
36.7,0.9682208
36.75,1.007134
36.8,1.005178
36.85,0.9799091
36.9,0.9349742
36.95,0.9089774
37,0.8634533
37.05,0.8322155
37.1,0.818788
37.15,0.7911817
37.2,0.7690053
37.25,0.7698707
37.3,0.7581573
37.35,0.7451553
37.4,0.741263
37.45,0.7391937
37.5,0.7300448
37.55,0.7484333
37.6,0.7910637
37.65,0.8461999
37.7,0.9286535
37.75,0.9954742
37.8,1.066636
37.85,1.153653
37.9,1.260994
37.95,1.339919
38,1.427587
38.05,1.532906
38.1,1.660886
38.15,1.792597
38.2,1.963282
38.25,2.098472
38.3,2.20029
38.35,2.298593
38.4,2.347667
38.45,2.365972
38.5,2.381097
38.55,2.390829
38.6,2.367653
38.65,2.328023
38.7,2.292433
38.75,2.209322
38.8,2.128813
38.85,2.083215
38.9,2.048984
38.95,2.00805
39,1.988937
39.05,1.97308
39.1,1.954403
39.15,1.948256
39.2,1.943159
39.25,1.951624
39.3,1.975762
39.35,2.017233
39.4,2.084478
39.45,2.15451
39.5,2.211841
39.55,2.240254
39.6,2.265726
39.65,2.313288
39.7,2.365008
39.75,2.440855
39.8,2.529195
39.85,2.630307
39.9,2.719077
39.95,2.781989
40,2.856583
40.05,2.899267
40.1,2.899964
40.15,2.845549
40.2,2.82461
40.25,2.810735
40.3,2.769489
40.35,2.740627
40.4,2.679664
40.45,2.567615
40.5,2.485827
40.55,2.477457
40.6,2.490049
40.65,2.497585
40.7,2.482414
40.75,2.428077
40.8,2.39533
40.85,2.39052
40.9,2.372587
40.95,2.31815
41,2.244374
41.05,2.204221
41.1,2.17557
41.15,2.182791
41.2,2.168288
41.25,2.137262
41.3,2.090601
41.35,2.069233
41.4,2.089346
41.45,2.118149
41.5,2.118251
41.55,2.107715
41.6,2.115294
41.65,2.110696
41.7,2.076913
41.75,2.00752
41.8,1.926152
41.85,1.858381
41.9,1.81429
41.95,1.803193
42,1.793574
42.05,1.772493
42.1,1.750818
42.15,1.688863
42.2,1.646479
42.25,1.640431
42.3,1.579649
42.35,1.505437
42.4,1.48663
42.45,1.482585
42.5,1.473301
42.55,1.450629
42.6,1.433256
42.65,1.38774
42.7,1.330589
42.75,1.321914
42.8,1.321946
42.85,1.304081
42.9,1.281617
42.95,1.243058
43,1.200557
43.05,1.16904
43.1,1.169302
43.15,1.185645
43.2,1.176493
43.25,1.13312
43.3,1.090297
43.35,1.034147
43.4,0.9917653
43.45,0.999585
43.5,1.033804
43.55,1.042619
43.6,1.04442
43.65,1.038961
43.7,1.023485
43.75,0.9876955
43.8,0.9691408
43.85,0.9684083
43.9,0.9540334
43.95,0.9318174
44,0.9016206
44.05,0.8567238
44.1,0.8232567
44.15,0.8294989
44.2,0.8285515
44.25,0.8654571
44.3,0.8796498
44.35,0.8938013
44.4,0.8628376
44.45,0.8382459
44.5,0.8227928
44.55,0.8083731
44.6,0.7918216
44.65,0.7655351
44.7,0.7358328
44.75,0.7142059
44.8,0.7171617
44.85,0.7255139
44.9,0.7248026
44.95,0.7200171
45,0.7187544
45.05,0.7342086
45.1,0.7509482
45.15,0.7824802
45.2,0.8070971
45.25,0.8047196
45.3,0.7947982
45.35,0.7767621
45.4,0.7730551
45.45,0.7399937
45.5,0.7358711
45.55,0.7236809
45.6,0.7296005
45.65,0.7549085
45.7,0.7617904
45.75,0.7430226
45.8,0.7150965
45.85,0.6695713
45.9,0.6360674
45.95,0.6403413
46,0.6649418
46.05,0.6756527
46.1,0.6850757
46.15,0.72259
46.2,0.7374473
46.25,0.7284233
46.3,0.7196773
46.35,0.6879978
46.4,0.6429937
46.45,0.6434761
46.5,0.6779597
46.55,0.7004492
46.6,0.6927023
46.65,0.7034351
46.7,0.6777372
46.75,0.6550189
46.8,0.6390631
46.85,0.6445143
46.9,0.6443189
46.95,0.6419014
47,0.6425259
47.05,0.6225387
47.1,0.6047993
47.15,0.5963515
47.2,0.5948513
47.25,0.590449
47.3,0.5871038
47.35,0.603631
47.4,0.5974564
47.45,0.6076718
47.5,0.6056177
47.55,0.5915732
47.6,0.5707229
47.65,0.561478
47.7,0.5465316
47.75,0.5553424
47.8,0.56295
47.85,0.5846899
47.9,0.5981863
47.95,0.6125521
48,0.5991046
48.05,0.5443575
48.1,0.4983785
48.15,0.4727557
48.2,0.4774748
48.25,0.5091194
48.3,0.5626021
48.35,0.5666711
48.4,0.545024
48.45,0.5209312
48.5,0.5219406
48.55,0.5058706
48.6,0.4880131
48.65,0.4667544
48.7,0.4910269
48.75,0.5125164
48.8,0.5518888
48.85,0.5367799
48.9,0.5063847
48.95,0.4690257
49,0.4461792
49.05,0.4438223
49.1,0.4545713
49.15,0.460711
49.2,0.4631382
49.25,0.475591
49.3,0.5069774
49.35,0.538558
49.4,0.5313586
49.45,0.53555
49.5,0.5567646
49.55,0.555874
49.6,0.5393321
49.65,0.4993388
49.7,0.4661989
49.75,0.4089761
49.8,0.3687808
49.85,0.3793012
49.9,0.3999287
49.95,0.4182875
50,0.4335766
50.05,0.4571671
50.1,0.4669262
50.15,0.458923
50.2,0.4594322
50.25,0.4684025
50.3,0.4709921
50.35,0.4511546
50.4,0.4318121
50.45,0.391131
50.5,0.3841593
50.55,0.4070895
50.6,0.4461214
50.65,0.4753987
50.7,0.46849
50.75,0.4368357
50.8,0.4083148
50.85,0.3907814
50.9,0.4065144
50.95,0.4049441
51,0.4059075
51.05,0.3955745
51.1,0.3784318
51.15,0.3789163
51.2,0.3904936
51.25,0.4110807
51.3,0.4234071
51.35,0.424445
51.4,0.4152544
51.45,0.3922018
51.5,0.3775537
51.55,0.3507163
51.6,0.3340729
51.65,0.348052
51.7,0.3466057
51.75,0.3562485
51.8,0.3547632
51.85,0.3485989
51.9,0.3483477
51.95,0.3237709
52,0.3425982
52.05,0.3593123
52.1,0.3464239
52.15,0.3328511
52.2,0.3434256
52.25,0.3468869
52.3,0.3397279
52.35,0.3409122
52.4,0.3477606
52.45,0.3248091
52.5,0.3098761
52.55,0.3318349
52.6,0.3372566
52.65,0.364694
52.7,0.3874494
52.75,0.397597
52.8,0.3882526
52.85,0.3683509
52.9,0.3537673
52.95,0.3283064
53,0.3291334
53.05,0.3338808
53.1,0.3304237
53.15,0.3371905
53.2,0.335501
53.25,0.3203039
53.3,0.308736
53.35,0.3122123
53.4,0.3129896
53.45,0.3034219
53.5,0.2873865
53.55,0.2803661
53.6,0.2851753
53.65,0.3089678
53.7,0.3330509
53.75,0.3292596
53.8,0.3232558
53.85,0.3038151
53.9,0.2877918
53.95,0.3136117
54,0.3358922
54.05,0.3344934
54.1,0.329397
54.15,0.3210336
54.2,0.3102945
54.25,0.2903877
54.3,0.2717734
54.35,0.2543775
54.4,0.2418808
54.45,0.2570716
54.5,0.2800879
54.55,0.2798923
54.6,0.2726262
54.65,0.24816
54.7,0.2211532
54.75,0.2548131
54.8,0.2821458
54.85,0.3312072
54.9,0.3747907
54.95,0.3746882
55,0.3631185
55.05,0.3326347
55.1,0.3112033
55.15,0.2912888
55.2,0.2730718
55.25,0.2759068
55.3,0.2572535
55.35,0.2394893
55.4,0.2482806
55.45,0.2462987
55.5,0.2295927
55.55,0.2149849
55.6,0.2043526
55.65,0.2131973
55.7,0.2492753
55.75,0.2854004
55.8,0.3052594
55.85,0.2942408
55.9,0.2968516
55.95,0.2893261
56,0.2799666
56.05,0.2824365
56.1,0.2948377
56.15,0.3087695
56.2,0.3294233
56.25,0.332254
56.3,0.3033103
56.35,0.2544172
56.4,0.2112073
56.45,0.1730266
56.5,0.1693037
56.55,0.1868194
56.6,0.2099249
56.65,0.2310241
56.7,0.2498945
56.75,0.2563599
56.8,0.2352511
56.85,0.2314982
56.9,0.2365468
56.95,0.2499523
57,0.2311836
57.05,0.2263656
57.1,0.208699
57.15,0.1991842
57.2,0.2125142
57.25,0.2445955
57.3,0.247456
57.35,0.2395688
57.4,0.2298998
57.45,0.2291034
57.5,0.2268337
57.55,0.2306716
57.6,0.2392515
57.65,0.2295349
57.7,0.2235209
57.75,0.226775
57.8,0.2287589
57.85,0.2487734
57.9,0.2623431
57.95,0.266609
58,0.2237328
58.05,0.2078097
58.1,0.2034053
58.15,0.191727
58.2,0.190843
58.25,0.1732917
58.3,0.1464286
58.35,0.1423431
58.4,0.1752077
58.45,0.2097253
58.5,0.2197438
58.55,0.2275414
58.6,0.222771
58.65,0.217456
58.7,0.2171482
58.75,0.2012885
58.8,0.1813617
58.85,0.1709801
58.9,0.1923828
58.95,0.2225254
59,0.2526397
59.05,0.269011
59.1,0.24377
59.15,0.2234273
59.2,0.2273894
59.25,0.2130672
59.3,0.2017786
59.35,0.2051971
59.4,0.2099537
59.45,0.2238704
59.5,0.2378419
59.55,0.2438866
59.6,0.2245997
59.65,0.2001301
59.7,0.1988435
59.75,0.2149951
59.8,0.2298246
59.85,0.2221694
59.9,0.2070328
59.95,0.1807344
60,0.1629659
60.05,0.1699013
60.1,0.1906157
60.15,0.2154349
60.2,0.2150695
60.25,0.2077329
60.3,0.1844278
60.35,0.1594957
60.4,0.1490277
60.45,0.1716007
60.5,0.2008453
60.55,0.2195516
60.6,0.2314924
60.65,0.2281271
60.7,0.233424
60.75,0.2317325
60.8,0.2421505
60.85,0.2511464
60.9,0.2429004
60.95,0.2386064
61,0.2145747
61.05,0.201693
61.1,0.1683103
61.15,0.1576727
61.2,0.1745192
61.25,0.1926699
61.3,0.1806435
61.35,0.1795345
61.4,0.1568721
61.45,0.1452167
61.5,0.1715709
61.55,0.2075408
61.6,0.2214745
61.65,0.2261018
61.7,0.2345917
61.75,0.2152195
61.8,0.1735086
61.85,0.1506661
61.9,0.1465339
61.95,0.157569
62,0.1847092
62.05,0.221062
62.1,0.2130238
62.15,0.1902636
62.2,0.1791028
62.25,0.1676429
62.3,0.1484017
62.35,0.1429954
62.4,0.1477422
62.45,0.1454651
62.5,0.148819
62.55,0.1648622
62.6,0.1794188
62.65,0.1644209
62.7,0.1384536
62.75,0.1307237
62.8,0.1421598
62.85,0.1549047
62.9,0.1732853
62.95,0.1903704
63,0.1809535
63.05,0.157958
63.1,0.1585798
63.15,0.1765621
63.2,0.1913397
63.25,0.1959229
63.3,0.1993438
63.35,0.179973
63.4,0.1700339
63.45,0.1741862
63.5,0.1958232
63.55,0.2035406
63.6,0.1891378
63.65,0.1772026
63.7,0.1635281
63.75,0.1653937
63.8,0.1810503
63.85,0.1981651
63.9,0.195247
63.95,0.1772597
64,0.1659784
64.05,0.1642278
64.1,0.1795808
64.15,0.2069275
64.2,0.2358211
64.25,0.2155955
64.3,0.1817024
64.35,0.1554269
64.4,0.1296892
64.45,0.1240974
64.5,0.1274617
64.55,0.1413586
64.6,0.1619326
64.65,0.1702607
64.7,0.1883475
64.75,0.2083729
64.8,0.2115504
64.85,0.201915
64.9,0.2078376
64.95,0.2252631
65,0.2374262
65.05,0.2434801
65.1,0.2451822
65.15,0.2458133
65.2,0.2396505
65.25,0.2294762
65.3,0.2311409
65.35,0.2206229
65.4,0.2318634
65.45,0.2250087
65.5,0.2381005
65.55,0.2445381
65.6,0.2401306
65.65,0.2342464
65.7,0.2354989
65.75,0.2131236
65.8,0.1919326
65.85,0.1682253
65.9,0.170941
65.95,0.1739909
66,0.1768319
66.05,0.1743975
66.1,0.1537223
66.15,0.1362191
66.2,0.1405678
66.25,0.1719502
66.3,0.193093
66.35,0.1913288
66.4,0.1687216
66.45,0.1484857
66.5,0.1202665
66.55,0.1299543
66.6,0.1334271
66.65,0.1614585
66.7,0.1718424
66.75,0.1877095
66.8,0.1982924
66.85,0.1896768
66.9,0.1780671
66.95,0.1864974
67,0.1797309
67.05,0.1570016
67.1,0.1342637
67.15,0.1305961
67.2,0.135886
67.25,0.1511031
67.3,0.1821407
67.35,0.1727877
67.4,0.1292019
67.45,0.1039076
67.5,0.1125159
67.55,0.1680892
67.6,0.2090524
67.65,0.2455075
67.7,0.2450098
67.75,0.2132028
67.8,0.1899887
67.85,0.1670373
67.9,0.1445393
67.95,0.1261239
68,0.1191639
68.05,0.1232169
68.1,0.1491572
68.15,0.1726734
68.2,0.1863196
68.25,0.1796382
68.3,0.1601607
68.35,0.14284
68.4,0.1232937
68.45,0.1472842
68.5,0.1622691
68.55,0.1969494
68.6,0.2101532
68.65,0.193664
68.7,0.198794
68.75,0.1882912
68.8,0.169325
68.85,0.1453063
68.9,0.1250793
68.95,0.1391275
69,0.1573886
69.05,0.1852237
69.1,0.1803134
69.15,0.1469064
69.2,0.1218837
69.25,0.1024882
69.3,0.1103542
69.35,0.126809
69.4,0.1482685
69.45,0.1708318
69.5,0.1805764
69.55,0.184793
69.6,0.2057524
69.65,0.1903487
69.7,0.1836284
69.75,0.1477366
69.8,0.1346755
69.85,0.1356927
69.9,0.1477846
69.95,0.168878
70,0.1842533
70.05,0.1746559
70.1,0.1594698
70.15,0.1567335
70.2,0.1733433
70.25,0.1951627
70.3,0.1984028
70.35,0.1980578
70.4,0.176496
70.45,0.1453083
70.5,0.1331126
70.55,0.1190361
70.6,0.1033502
70.65,0.1234008
70.7,0.1540747
70.75,0.2018742
70.8,0.2481788
70.85,0.2560142
70.9,0.2450768
70.95,0.2020806
71,0.1921731
71.05,0.1992842
71.1,0.215118
71.15,0.236389
71.2,0.2356477
71.25,0.2281432
71.3,0.2306418
71.35,0.2251341
71.4,0.2175281
71.45,0.2033576
71.5,0.1907269
71.55,0.1730566
71.6,0.1652067
71.65,0.1733095
71.7,0.1794312
71.75,0.1714383
71.8,0.1817352
71.85,0.147554
71.9,0.1270691
71.95,0.1295485
72,0.1479232
72.05,0.1721207
72.1,0.1988625
72.15,0.1963714
72.2,0.1750186
72.25,0.1697816
72.3,0.1732983
72.35,0.1548874
72.4,0.1303869
72.45,0.1342618
72.5,0.1406297
72.55,0.1566959
72.6,0.1989762
72.65,0.195268
72.7,0.183981
72.75,0.1494921
72.8,0.1232133
72.85,0.1236673
72.9,0.1328457
72.95,0.1404175
73,0.1539728
73.05,0.1558603
73.1,0.158453
73.15,0.1327449
73.2,0.1206612
73.25,0.1072505
73.3,9.937134E-02
73.35,0.1123886
73.4,0.1185977
73.45,0.1190172
73.5,0.1192979
73.55,0.120569
73.6,0.1124493
73.65,9.676759E-02
73.7,8.890979E-02
73.75,8.967508E-02
73.8,8.744451E-02
73.85,0.1222641
73.9,0.1284664
73.95,0.1395062
74,0.1198101
74.05,0.1218125
74.1,0.1391171
74.15,0.1533089
74.2,0.1499522
74.25,0.1487681
74.3,0.1417154
74.35,0.1445144
74.4,0.1537245
74.45,0.1584362
74.5,0.1502025
74.55,0.1374442
74.6,0.1317225
74.65,0.159468
74.7,0.1930465
74.75,0.2082864
74.8,0.2048081
74.85,0.1929274
74.9,0.1817458
74.95,0.1719702
75,0.1640348
75.05,0.1766695
75.1,0.173343
75.15,0.1837495
75.2,0.2082113
75.25,0.2214841
75.3,0.2189189
75.35,0.218387
75.4,0.2039389
75.45,0.1659711
75.5,0.1290973
75.55,0.1190377
75.6,0.1145204
75.65,0.122503
75.7,0.157189
75.75,0.1841238
75.8,0.1716365
75.85,0.1474208
75.9,0.1464213
75.95,0.118721
76,0.1129577
76.05,0.1316157
76.1,0.164179
76.15,0.1651444
76.2,0.1648208
76.25,0.1645893
76.3,0.1462484
76.35,0.134811
76.4,0.1220822
76.45,0.1151839
76.5,0.1222769
76.55,0.1362832
76.6,0.1440582
76.65,0.1474989
76.7,0.1602545
76.75,0.1686297
76.8,0.164835
76.85,0.1574813
76.9,0.1488173
76.95,0.1649374
77,0.1780792
77.05,0.2052843
77.1,0.2109034
77.15,0.2083566
77.2,0.2008998
77.25,0.2041447
77.3,0.2235823
77.35,0.2346495
77.4,0.2272338
77.45,0.2046101
77.5,0.174039
77.55,0.1682185
77.6,0.1683902
77.65,0.1559784
77.7,0.1590788
77.75,0.1826063
77.8,0.187558
77.85,0.1749176
77.9,0.1756083
77.95,0.1744432
78,0.1657411
78.05,0.1570206
78.1,0.194603
78.15,0.1947149
78.2,0.1892011
78.25,0.2022153
78.3,0.2032151
78.35,0.1875377
78.4,0.1656353
78.45,0.142592
78.5,0.1349454
78.55,0.1344088
78.6,0.1533918
78.65,0.1607913
78.7,0.1400494
78.75,0.1204721
78.8,9.765181E-02
78.85,0.1070645
78.9,0.1329691
78.95,0.1604051
79,0.1886748
79.05,0.1971375
79.1,0.2059414
79.15,0.234437
79.2,0.2402218
79.25,0.2411077
79.3,0.2182087
79.35,0.2002304
79.4,0.1859284
79.45,0.2013125
79.5,0.2314702
79.55,0.2382479
79.6,0.2332752
79.65,0.2270225
79.7,0.2006812
79.75,0.1635108
79.8,0.1375464
79.85,0.1062163
79.9,7.950509E-02
79.95,9.116462E-02
80,0.1373629
80.05,0.1897357
80.1,0.2441547
80.15,0.2871638
80.2,0.2816748
80.25,0.2354324
80.3,0.2151194
80.35,0.1856382
80.4,0.1710929
80.45,0.1652995
80.5,0.1688218
80.55,0.1704379
80.6,0.1700813
80.65,0.1687752
80.7,0.1614401
80.75,0.1584678
80.8,0.172517
80.85,0.1889079
80.9,0.202529
80.95,0.1902005
81,0.1714548
81.05,0.1661546
81.1,0.1847954
81.15,0.1847954
81.2,0.1847954
81.25,0.1847954
81.3,0.1847954
81.35,0.1847954
81.4,0.1847954
81.45,0.1847954
81.5,0.1847954
81.55,0.1847954
81.6,0.1847954
81.65,0.1847954
81.7,0.1847954
81.75,0.1847954
81.8,0.1847954
81.85,0.1847954
81.9,0.1847954
81.95,0.1847954
82,0.1847954
82.05,0.1847954
82.1,0.1847954
82.15,0.1847954
82.2,0.1847954
82.25,0.1847954
82.3,0.1847954
82.35,0.1847954
82.4,0.1847954
82.45,0.1847954
82.5,0.1847954
82.55,0.1847954
82.6,0.1847954
82.65,0.1847954
82.7,0.1847954
82.75,0.1847954
82.8,0.1847954
82.85,0.1847954
82.9,0.1847954
82.95,0.1847954
83,0.1847954
83.05,0.1847954
83.1,0.1847954
83.15,0.1847954
83.2,0.1847954
83.25,0.1847954
83.3,0.1847954
83.35,0.1847954
83.4,0.1847954
83.45,0.1847954
83.5,0.1847954
83.55,0.1847954
83.6,0.1847954
83.65,0.1847954
83.7,0.1847954
83.75,0.1847954
83.8,0.1847954
83.85,0.1847954
83.9,0.1847954
83.95,0.1847954
84,0.1847954
84.05,0.1847954
84.1,0.1847954
84.15,0.1847954
84.2,0.1847954
84.25,0.1847954
84.3,0.1847954
84.35,0.1847954
84.4,0.1847954
84.45,0.1847954
84.5,0.1847954
84.55,0.1847954
84.6,0.1847954
84.65,0.1847954
84.7,0.1847954
84.75,0.1847954
84.8,0.1847954
84.85,0.1847954
84.9,0.1847954
84.95,0.1847954
 
Alignment,On
